id,first_name,last_name,email,company,job,role
1,Evelyn,Givens,egivens0@google.pl,Oloo,Human Resources Assistant II,admin
2,Devora,MacElane,dmacelane1@oracle.com,Rhyloo,GIS Technical Architect,guest
3,Matthus,Mattimoe,mmattimoe2@imdb.com,Abata,Biostatistician I,admin
4,Salome,Hartnell,shartnell3@accuweather.com,Avavee,GIS Technical Architect,admin
5,Jacqueline,Saynor,jsaynor4@squarespace.com,Dabvine,Senior Quality Engineer,moderator
6,Renault,Lambert-Ciorwyn,rlambertciorwyn5@amazon.co.uk,Avaveo,Legal Assistant,guest
7,Brita,Kelson,bkelson6@upenn.edu,Tagcat,Registered Nurse,admin
8,Deerdre,Bonhome,dbonhome7@google.de,Livepath,Database Administrator I,root
9,Bernita,Blench,bblench8@youku.com,Twitterbeat,VP Quality Control,user
10,Quinn,Gwyer,qgwyer9@diigo.com,Skidoo,Accountant III,admin
11,Portia,Dragonette,pdragonettea@newsvine.com,Rooxo,Sales Associate,admin
12,Aaren,Jaine,ajaineb@yahoo.co.jp,Zoombox,Administrative Assistant I,moderator
13,Shayne,Maguire,smaguirec@hexun.com,Oyoba,Administrative Officer,user
14,Darda,Dancey,ddanceyd@people.com.cn,Zoonder,Help Desk Technician,user
15,Dean,Chivers,dchiverse@altervista.org,Meetz,VP Marketing,user
16,Thornie,Pepperd,tpepperdf@ycombinator.com,Blogtag,Executive Secretary,guest
17,Gelya,Noad,gnoadg@nbcnews.com,Centidel,Software Engineer IV,guest
18,Olenolin,Ashforth,oashforthh@sciencedirect.com,Babbleblab,Product Engineer,moderator
19,Helen,Sandars,hsandarsi@fc2.com,Shuffledrive,Structural Analysis Engineer,root
20,Neal,De la Barre,ndelabarrej@dailymotion.com,Shufflebeat,Automation Specialist IV,admin
21,Frank,Piff,fpiffk@spiegel.de,Tambee,Research Nurse,guest
22,Valera,Sawl,vsawll@freewebs.com,Gigazoom,Recruiting Manager,root
23,Katrina,Campanelli,kcampanellim@g.co,Trilith,Associate Professor,moderator
24,Lorelei,Raybould,lraybouldn@bluehost.com,Buzzster,Human Resources Manager,user
25,Dale,Biscomb,dbiscombo@mac.com,Babbleopia,Office Assistant IV,admin
26,Kennett,Spurdens,kspurdensp@issuu.com,Realcube,Human Resources Assistant I,user
27,Maximo,Vasilov,mvasilovq@wix.com,Edgeblab,Nurse Practicioner,moderator
28,Whittaker,Dyet,wdyetr@eventbrite.com,Pixope,Programmer IV,admin
29,Yoshiko,Cadwallader,ycadwalladers@tripod.com,Wordtune,Computer Systems Analyst IV,guest
30,Ellyn,Lowton,elowtont@merriam-webster.com,Mynte,Programmer Analyst II,guest
31,Patsy,Wrankling,pwranklingu@woothemes.com,Twitternation,Mechanical Systems Engineer,guest
32,Guillemette,Falvey,gfalveyv@cbslocal.com,Shuffletag,Engineer II,root
33,Helge,Blackford,hblackfordw@harvard.edu,Dynabox,Social Worker,moderator
34,Wallis,Rookeby,wrookebyx@telegraph.co.uk,Oyoloo,VP Product Management,user
35,Andonis,Korpal,akorpaly@1und1.de,Zoomlounge,Software Engineer I,admin
36,Alissa,Gammel,agammelz@twitter.com,Yodel,VP Quality Control,user
37,Adelice,Allbut,aallbut10@craigslist.org,Wikizz,Structural Engineer,user
38,Aeriela,Giacopelo,agiacopelo11@gravatar.com,Jabbercube,Systems Administrator III,moderator
39,Barbara,Hecks,bhecks12@reference.com,Twitterbeat,Junior Executive,user
40,Donelle,Kember,dkember13@ucsd.edu,Einti,Financial Advisor,root
41,Fredelia,Sanja,fsanja14@hostgator.com,Meemm,Account Executive,moderator
42,Shelley,Martinec,smartinec15@feedburner.com,Realfire,Help Desk Operator,moderator
43,Trudie,MacLennan,tmaclennan16@ucsd.edu,Mudo,Nurse Practicioner,user
44,Gauthier,Theunissen,gtheunissen17@wikimedia.org,Centizu,Senior Cost Accountant,admin
45,Klaus,Banke,kbanke18@miibeian.gov.cn,Topiczoom,Structural Engineer,admin
46,Barnett,Cheves,bcheves19@sphinn.com,Browsecat,Tax Accountant,admin
47,Pattin,Northin,pnorthin1a@cocolog-nifty.com,Midel,Environmental Tech,user
48,Rhona,Esch,resch1b@blinklist.com,Blogtags,Payment Adjustment Coordinator,root
49,Shandra,Peschet,speschet1c@themeforest.net,Dynava,Statistician I,moderator
50,Prue,Letchford,pletchford1d@weather.com,Feedfire,Senior Editor,guest
